os,version,mean_distance,median_distance,std_distance,mean_error
Linux,current,58.047789034770815,58.08818185047137,0.9832732295100786,0.04778903477081542
