os,version,mean_distance,median_distance,std_distance,mean_error
macOS,current,57.87893766238573,57.929550323578326,0.9631807796536066,-0.12106233761426921
