os,version,mean_distance,median_distance,std_distance,mean_error
Windows,current,58.05508278375542,58.130168463600654,0.9555240928606066,0.05508278375541664
